FORTALEZA,CE
ICAPUÍ,CE
ACARAPE,CE
ACARAÚ,CE
ACOPIARA,CE
ALDEOTA,CE
ALTO SANTO,CE
ANTONINA DO NORTE,CE
APARECIDA DE GOIANIA,GO
AQUIRAZ,CE
ARACAJU,SE
ARACAOIABA,CE
ARACATI,CE
ARATUBA,CE
AURORA,CE
BALSAS,MA
BANABUIÚ,CE
BARBALHA
BARREIRA,CE
BARUERI,SP
BATURITÉ,CE
BEBERIBE,CE
BELA CRUZ,CE
BELÉM,PA
BELO HORIZONTE,MG
BERBALHA,CE
BLUMENAU,CE
SOBRAL,CE
BRASÍLIA,DF
BREJO SANTO,CE
CAJAZEIRAS,PB
CAMOCIM,CE
CAMPINA GRANDE,PB
CAMPINAS,SP
CANINDÉ,CE
CARIDADE,CE
CARIRE,CE
CARIÚS,CE
CARNAUBAL,CE
CASCAVEL,CE
CAUCAIA,CE
CEDRO
CHOROZINHO,CE
CONTAGEM,MG
COPIARA,CE
COREAU,CE
COREAÚ,CE
CRATEÚS,CE
CRATO,CE
CROATÁ,CE
CRUZ,CE
CURITIBA,PR
EUSÉBIO,CE
FARIAS BRITO,CE
FEIRA DE SANTANA,BA
FLEICHEIRINHA,CE
FLORIANÓPOLIS,SC
FORQUILHA,CE
GRAÇA,CE
GRANJA,CE
GUAIÚBA,CE
GUARÁ,DF
GUARACIABA DO NORTE,CE
GUARAMIRANGA,CE
HORIZONTE,CE
IGUATU,CE
INDEPENDÊNCIA,CE
IPAUMIRIM,CE
IPU,CE
ITAITINGA,CE
ITAPAJÉ,CE
ITAPIPOCA,CE
ITAPIUNA,CE
ITAREMA,CE
JABOATÃO DOS GUARARAPES,PE
JAGUARIBARA,CE
JAGUARIBE,CE
JAGUARUANA,CE
JATI,CE
JOÃO PESSOA,PB
JUAJEIRO DO NORTE,CE
JUAZEIRO,BA
JUAZEIRO DO NORTE,CE
JUCÁS,CE
LIMOEIRO DO NORTE,CE
MACAPÁ,AP
MACEIÓ,AL
MANAUS,AM
MARACANAÚ,CE
MARANGUAPE,CE
MARCO,CE
MASSAPE,CE
MILAGRES,CE
MISSÃO VELHA,CE
MORADA NOVA,CE
MOSSORÓ,RN
NATAL,RN
NOVA OLINDA,CE
NOVO ORIENTE,CE
PACAJUS,CE
PACATUBA,CE
PAMAMIRIM,RN
PARACURU,CE
PARAIPABA,CE
PARELHAS,RN
PECEM,CE
PENTECOSTE,CE
PEREIRO
PINDORETAMA,CE
QUIRERE,CE
QUITERIANÓPOLES,CE
QUIXADÁ,CE
QUIXERAMOBIM,CE
QUIXERE,CE
RECIFE,PE
REDENÇÃO,CE
RIO BRANCO,AC
RIO DE JANEIRO
RUSSAS,CE
SALVADOR,BA
SANTA QUITÉRIA,CE
SÃO BENEDITO,CE
SÃO GONÇALO DO AMARANTE,CE
SÃO LUÍS,MA
SÃO PAULO,SP
SENADOR POMPEU,CE
SENADOR SÁ,CE
SIMÕES FILHO,BA
SOLONÓPOLE,CE
SOUSA,PB
TABULEIRO DO NORTE,CE
TERESINA,PI
TIANGUÁ,CE
TRAIRÍ,CE
TRINDADE,GO
UBAJARA,CE
UMARI,CE
UMIRIM,CE
URUBURETAMA,CE
VALENÇA,BA
VÁRZEA ALEGRE,CE
VILA LEOPOLDINA,SP